"Position","Name","Salary","GameInfo","AvgPointsPerGame","teamAbbrev"
"RW","Patrick Kane",8600,"Chi@Cls 07:00PM ET",4.990,"Chi"
"D","Brent Burns",8500,"Ari@SJ 10:30PM ET",5.201,"SJ"
"LW","Alex Ovechkin",8500,"Was@StL 08:00PM ET",5.082,"Was"
"G","Brian Elliott",8500,"Was@StL 08:00PM ET",5.015,"StL"
"G","Henrik Lundqvist",8400,"Det@NYR 12:30PM ET",4.963,"NYR"
"G","Roberto Luongo",8300,"Car@Fla 07:00PM ET",4.822,"Fla"
"G","Braden Holtby",8300,"Was@StL 08:00PM ET",5.030,"Was"
"C","Sidney Crosby",8200,"Pit@Phi 03:00PM ET",4.314,"Pit"
"G","Tuukka Rask",8200,"Ott@Bos 12:30PM ET",4.391,"Bos"
"G","Ben Bishop",8200,"TB@Mon 07:00PM ET",4.869,"TB"
"G","Marc-Andre Fleury",8100,"Pit@Phi 03:00PM ET",4.942,"Pit"
"G","Corey Crawford",8100,"Chi@Cls 07:00PM ET",5.411,"Chi"
"D","Erik Karlsson",8100,"Ott@Bos 12:30PM ET",4.747,"Ott"
"G","Devan Dubnyk",8000,"Cgy@Min 07:00PM ET",4.287,"Min"
"G","Pekka Rinne",8000,"Nsh@Dal 08:00PM ET",3.979,"Nsh"
"G","Thomas Greiss",8000,"Buf@NYI 07:30PM ET",5.125,"NYI"
"G","Jonathan Quick",8000,"Wpg@LA 10:00PM ET",4.629,"LA"
"LW","Jamie Benn",8000,"Nsh@Dal 08:00PM ET",4.570,"Dal"
"G","Semyon Varlamov",7900,"Anh@Col 05:30PM ET",4.386,"Col"
"G","Steve Mason",7900,"Pit@Phi 03:00PM ET",4.322,"Phi"
"RW","Tyler Seguin",7900,"Nsh@Dal 08:00PM ET",4.614,"Dal"
"G","Andrei Vasilevskiy",7900,"TB@Mon 07:00PM ET",4.078,"TB"
"G","Jake Allen",7800,"Was@StL 08:00PM ET",4.698,"StL"
"G","Chad Johnson",7800,"Buf@NYI 07:30PM ET",4.426,"Buf"
"G","Frederik Andersen",7800,"Anh@Col 05:30PM ET",3.995,"Anh"
"G","John Gibson",7800,"Anh@Col 05:30PM ET",4.356,"Anh"
"G","Scott Darling",7800,"Chi@Cls 07:00PM ET",3.945,"Chi"
"G","Jimmy Howard",7700,"Det@NYR 12:30PM ET",3.385,"Det"
"G","Michal Neuvirth",7700,"Pit@Phi 03:00PM ET",5.058,"Phi"
"G","Petr Mrazek",7700,"Det@NYR 12:30PM ET",4.447,"Det"
"G","Antti Raanta",7700,"Det@NYR 12:30PM ET",3.425,"NYR"
"G","Craig Anderson",7600,"Ott@Bos 12:30PM ET",4.913,"Ott"
"G","Jaroslav Halak",7600,"Buf@NYI 07:30PM ET",4.400,"NYI"
"RW","Vladimir Tarasenko",7600,"Was@StL 08:00PM ET",4.299,"StL"
"G","Andrew Hammond",7600,"Ott@Bos 12:30PM ET",3.583,"Ott"
"RW","Joe Pavelski",7500,"Ari@SJ 10:30PM ET",4.158,"SJ"
"G","Jeff Zatkoff",7500,"Pit@Phi 03:00PM ET",3.877,"Pit"
"C","John Tavares",7500,"Buf@NYI 07:30PM ET",3.958,"NYI"
"G","Carter Hutton",7500,"Nsh@Dal 08:00PM ET",4.563,"Nsh"
"G","Kari Lehtonen",7400,"Nsh@Dal 08:00PM ET",4.071,"Dal"
"D","Mark Giordano",7400,"Cgy@Min 07:00PM ET",4.096,"Cgy"
"G","Cory Schneider",7400,"Tor@NJ 07:00PM ET",4.452,"NJ"
"G","Robin Lehner",7400,"Buf@NYI 07:30PM ET",4.200,"Buf"
"G","Cam Talbot",7400,"Edm@Van 10:00PM ET",4.109,"Edm"
"G","Keith Kinkaid",7400,"Tor@NJ 07:00PM ET",3.583,"NJ"
"G","Joonas Korpisalo",7400,"Chi@Cls 07:00PM ET",4.647,"Cls"
"C","Connor McDavid",7400,"Edm@Van 10:00PM ET",3.852,"Edm"
"C","Patrice Bergeron",7300,"Ott@Bos 12:30PM ET",4.152,"Bos"
"RW","Blake Wheeler",7300,"Wpg@LA 10:00PM ET",4.153,"Wpg"
"C","Claude Giroux",7300,"Pit@Phi 03:00PM ET",3.695,"Phi"
"D","Kris Letang",7300,"Pit@Phi 03:00PM ET",4.454,"Pit"
"G","James Reimer",7300,"Ari@SJ 10:30PM ET",4.425,"SJ"
"G","Antti Niemi",7300,"Nsh@Dal 08:00PM ET",3.875,"Dal"
"C","Steven Stamkos",7300,"TB@Mon 07:00PM ET",3.594,"TB"
"G","Martin Jones",7300,"Ari@SJ 10:30PM ET",4.519,"SJ"
"G","Mike Smith",7200,"Ari@SJ 10:30PM ET",4.503,"Ari"
"G","Darcy Kuemper",7200,"Cgy@Min 07:00PM ET",3.352,"Min"
"D","Roman Josi",7200,"Nsh@Dal 08:00PM ET",4.067,"Nsh"
"G","Philipp Grubauer",7200,"Was@StL 08:00PM ET",3.581,"Was"
"G","Joni Ortio",7200,"Cgy@Min 07:00PM ET",3.173,"Cgy"
"LW","Johnny Gaudreau",7200,"Cgy@Min 07:00PM ET",3.830,"Cgy"
"G","Cam Ward",7100,"Car@Fla 07:00PM ET",3.715,"Car"
"G","Ryan Miller",7100,"Edm@Van 10:00PM ET",4.263,"Van"
"LW","Zach Parise",7100,"Cgy@Min 07:00PM ET",3.801,"Min"
"C","Evgeni Malkin",7100,"Pit@Phi 03:00PM ET",3.674,"Pit"
"G","Ondrej Pavelec",7100,"Wpg@LA 10:00PM ET",3.448,"Wpg"
"G","Jhonas Enroth",7100,"Wpg@LA 10:00PM ET",4.213,"LA"
"G","Jonas Gustavsson",7100,"Ott@Bos 12:30PM ET",3.870,"Bos"
"G","Ben Scrivens",7100,"TB@Mon 07:00PM ET",3.600,"Mon"
"G","Calvin Pickard",7100,"Anh@Col 05:30PM ET",4.120,"Col"
"G","Matt Murray",7100,"Pit@Phi 03:00PM ET",5.650,"Pit"
"G","Mike Condon",7100,"TB@Mon 07:00PM ET",3.374,"Mon"
"G","Carey Price",7000,"TB@Mon 07:00PM ET",6.517,"Mon"
"G","Karri Ramo",7000,"Cgy@Min 07:00PM ET",3.921,"Cgy"
"G","Jonathan Bernier",7000,"Tor@NJ 07:00PM ET",3.530,"Tor"
"LW","Brad Marchand",7000,"Ott@Bos 12:30PM ET",3.935,"Bos"
"G","Sergei Bobrovsky",7000,"Chi@Cls 07:00PM ET",3.931,"Cls"
"G","Jacob Markstrom",7000,"Edm@Van 10:00PM ET",4.150,"Van"
"G","Scott Wedgewood",7000,"Tor@NJ 07:00PM ET",6.300,"NJ"
"RW","Phil Kessel",6900,"Pit@Phi 03:00PM ET",3.527,"Pit"
"G","Jonas Hiller",6900,"Cgy@Min 07:00PM ET",2.407,"Cgy"
"RW","Patric Hornqvist",6900,"Pit@Phi 03:00PM ET",3.444,"Pit"
"D","Kevin Shattenkirk",6900,"Was@StL 08:00PM ET",3.447,"StL"
"LW","Max Pacioretty",6900,"TB@Mon 07:00PM ET",3.933,"Mon"
"RW","Nikita Kucherov",6900,"TB@Mon 07:00PM ET",3.596,"TB"
"G","Garret Sparks",6900,"Tor@NJ 07:00PM ET",2.953,"Tor"
"LW","Filip Forsberg",6900,"Nsh@Dal 08:00PM ET",3.777,"Nsh"
"C","Aleksander Barkov",6900,"Car@Fla 07:00PM ET",3.535,"Fla"
"D","Shea Weber",6800,"Nsh@Dal 08:00PM ET",3.765,"Nsh"
"RW","James Neal",6800,"Nsh@Dal 08:00PM ET",3.679,"Nsh"
"G","Jean-Francois Berube",6800,"Buf@NYI 07:30PM ET",4.200,"NYI"
"D","Dustin Byfuglien",6700,"Wpg@LA 10:00PM ET",3.809,"Wpg"
"G","Curtis McElhinney",6700,"Chi@Cls 07:00PM ET",1.905,"Cls"
"C","Anze Kopitar",6700,"Wpg@LA 10:00PM ET",3.701,"LA"
"RW","Wayne Simmonds",6700,"Pit@Phi 03:00PM ET",3.509,"Phi"
"G","Michael Hutchinson",6700,"Wpg@LA 10:00PM ET",3.267,"Wpg"
"G","Eddie Lack",6700,"Car@Fla 07:00PM ET",3.600,"Car"
"G","Anders Nilsson",6700,"Was@StL 08:00PM ET",3.407,"StL"
"C","Ryan Getzlaf",6600,"Anh@Col 05:30PM ET",3.240,"Anh"
"G","Alex Stalock",6600,"Tor@NJ 07:00PM ET",2.185,"Tor"
"LW","Evander Kane",6600,"Buf@NYI 07:30PM ET",3.500,"Buf"
"C","Evgeny Kuznetsov",6600,"Was@StL 08:00PM ET",3.527,"Was"
"G","Louis Domingue",6600,"Ari@SJ 10:30PM ET",4.056,"Ari"
"RW","Corey Perry",6500,"Anh@Col 05:30PM ET",3.478,"Anh"
"G","Al Montoya",6500,"Car@Fla 07:00PM ET",3.952,"Fla"
"G","Niklas Backstrom",6500,"Cgy@Min 07:00PM ET",0.800,"Cgy"
"G","Richard Bachman",6500,"Edm@Van 10:00PM ET",5.600,"Van"
"G","Linus Ullmark",6500,"Buf@NYI 07:30PM ET",3.895,"Buf"
"C","Jeff Carter",6400,"Wpg@LA 10:00PM ET",3.679,"LA"
"C","Matt Duchene",6400,"Anh@Col 05:30PM ET",3.471,"Col"
"G","Anders Lindback",6400,"Ari@SJ 10:30PM ET",2.589,"Ari"
"C","Mark Scheifele",6400,"Wpg@LA 10:00PM ET",3.700,"Wpg"
"G","Laurent Brossoit",6400,"Edm@Van 10:00PM ET",1.360,"Edm"
"G","Chris Driedger",6400,"Ott@Bos 12:30PM ET",2.200,"Ott"
"D","Shayne Gostisbehere",6400,"Pit@Phi 03:00PM ET",3.306,"Phi"
"LW","Artemi Panarin",6400,"Chi@Cls 07:00PM ET",3.484,"Chi"
"G","Niklas Treutle",6400,"Ari@SJ 10:30PM ET",-0.667,"Ari"
"C","Pavel Datsyuk",6300,"Det@NYR 12:30PM ET",3.329,"Det"
"G","Peter Budaj",6300,"Wpg@LA 10:00PM ET",3.800,"LA"
"RW","Kyle Okposo",6300,"Buf@NYI 07:30PM ET",3.443,"NYI"
"G","Anton Khudobin",6300,"Anh@Col 05:30PM ET",2.680,"Anh"
"LW","Taylor Hall",6300,"Edm@Van 10:00PM ET",4.000,"Edm"
"D","John Klingberg",6300,"Nsh@Dal 08:00PM ET",3.063,"Dal"
"G","Marek Langhamer",6300,"Ari@SJ 10:30PM ET",0,"Ari"
"C","Nathan MacKinnon",6300,"Anh@Col 05:30PM ET",3.742,"Col"
"RW","Patrick Sharp",6200,"Nsh@Dal 08:00PM ET",3.287,"Dal"
"G","Yann Danis",6200,"Tor@NJ 07:00PM ET",-0.600,"NJ"
"C","Nicklas Backstrom",6200,"Was@StL 08:00PM ET",3.249,"Was"
"G","Jeremy Smith",6200,"Ott@Bos 12:30PM ET",0,"Bos"
"D","Drew Doughty",6200,"Wpg@LA 10:00PM ET",3.283,"LA"
"D","Victor Hedman",6200,"TB@Mon 07:00PM ET",3.222,"TB"
"G","Magnus Hellberg",6200,"Det@NYR 12:30PM ET",-1.200,"NYR"
"G","Stephen Michalek",6200,"Cgy@Min 07:00PM ET",0,"Min"
"G","Anton Forsberg",6200,"Chi@Cls 07:00PM ET",2.900,"Cls"
"G","Daniel Altshuller",6200,"Car@Fla 07:00PM ET",0,"Car"
"RW","Jaromir Jagr",6100,"Car@Fla 07:00PM ET",2.945,"Fla"
"C","Jonathan Toews",6100,"Chi@Cls 07:00PM ET",3.244,"Chi"
"C","Logan Couture",6100,"Ari@SJ 10:30PM ET",3.220,"SJ"
"G","Dustin Tokarski",6100,"Anh@Col 05:30PM ET",1.367,"Anh"
"RW","Mats Zuccarello",6100,"Det@NYR 12:30PM ET",3.304,"NYR"
"C","Derek Stepan",6100,"Det@NYR 12:30PM ET",3.285,"NYR"
"G","Christopher Gibson",6100,"Buf@NYI 07:30PM ET",4.000,"NYI"
"D","Torey Krug",6100,"Ott@Bos 12:30PM ET",3.240,"Bos"
"C","Sean Monahan",6100,"Cgy@Min 07:00PM ET",3.330,"Cgy"
"G","Antoine Bibeau",6100,"Tor@NJ 07:00PM ET",0,"Tor"
"C","Jack Eichel",6100,"Buf@NYI 07:30PM ET",3.259,"Buf"
"G","Jason LaBarbera",6000,"Pit@Phi 03:00PM ET",0,"Phi"
"G","Michael Leighton",6000,"Chi@Cls 07:00PM ET",2.200,"Chi"
"LW","Alexander Steen",6000,"Was@StL 08:00PM ET",3.414,"StL"
"G","Drew MacIntyre",6000,"Chi@Cls 07:00PM ET",0,"Chi"
"G","Ray Emery",6000,"Pit@Phi 03:00PM ET",0,"Phi"
"D","Ryan Suter",6000,"Cgy@Min 07:00PM ET",3.407,"Min"
"G","Justin Peters",6000,"Was@StL 08:00PM ET",0,"Was"
"LW","James van Riemsdyk",6000,"Tor@NJ 07:00PM ET",3.182,"Tor"
"G","Mike McKenna",6000,"Car@Fla 07:00PM ET",0,"Fla"
"D","Alex Pietrangelo",6000,"Was@StL 08:00PM ET",3.299,"StL"
"RW","Jordan Eberle",6000,"Edm@Van 10:00PM ET",3.185,"Edm"
"D","P.K. Subban",6000,"TB@Mon 07:00PM ET",3.158,"Mon"
"D","Oliver Ekman-Larsson",6000,"Ari@SJ 10:30PM ET",3.584,"Ari"
"G","John Muse",6000,"Nsh@Dal 08:00PM ET",0,"Dal"
"G","Jordan Binnington",6000,"Was@StL 08:00PM ET",-0.400,"StL"
"G","Jason Kasdorf",6000,"Buf@NYI 07:30PM ET",0,"Buf"
"G","Nathan Lieuwen",6000,"Buf@NYI 07:30PM ET",0,"Buf"
"G","Joe Cannata",6000,"Edm@Van 10:00PM ET",0,"Van"
"G","Malcolm Subban",6000,"Ott@Bos 12:30PM ET",0,"Bos"
"G","Anthony Stolarz",6000,"Pit@Phi 03:00PM ET",0,"Phi"
"G","Jon Gillies",6000,"Cgy@Min 07:00PM ET",0,"Cgy"
"G","Jared Coreau",6000,"Det@NYR 12:30PM ET",0,"Det"
"G","Troy Grosenick",6000,"Ari@SJ 10:30PM ET",0,"SJ"
"G","Juuse Saros",6000,"Nsh@Dal 08:00PM ET",1.000,"Nsh"
"G","Kristers Gudlevskis",6000,"TB@Mon 07:00PM ET",5.200,"TB"
"G","Patrik Bartosak",6000,"Wpg@LA 10:00PM ET",0,"LA"
"G","Pheonix Copley",6000,"Was@StL 08:00PM ET",0.000,"StL"
"G","Roman Will",6000,"Anh@Col 05:30PM ET",-0.600,"Col"
"G","MacKenzie Blackwood",6000,"Tor@NJ 07:00PM ET",0,"NJ"
"C","Joe Thornton",5900,"Ari@SJ 10:30PM ET",3.148,"SJ"
"LW","Daniel Sedin",5900,"Edm@Van 10:00PM ET",3.645,"Van"
"LW","Rick Nash",5900,"Det@NYR 12:30PM ET",2.750,"NYR"
"C","Jason Spezza",5900,"Nsh@Dal 08:00PM ET",3.516,"Dal"
"D","Duncan Keith",5900,"Chi@Cls 07:00PM ET",3.221,"Chi"
"D","Brent Seabrook",5900,"Chi@Cls 07:00PM ET",3.319,"Chi"
"C","David Krejci",5900,"Ott@Bos 12:30PM ET",3.454,"Bos"
"RW","Jakub Voracek",5900,"Pit@Phi 03:00PM ET",3.205,"Phi"
"LW","Brayden Schenn",5900,"Pit@Phi 03:00PM ET",3.115,"Phi"
"C","Ryan O'Reilly",5900,"Buf@NYI 07:30PM ET",3.380,"Buf"
"LW","Mike Hoffman",5900,"Ott@Bos 12:30PM ET",3.613,"Ott"
"D","Justin Faulk",5900,"Car@Fla 07:00PM ET",3.184,"Car"
"RW","Brendan Gallagher",5900,"TB@Mon 07:00PM ET",3.377,"Mon"
"LW","Jonathan Huberdeau",5900,"Car@Fla 07:00PM ET",3.192,"Fla"
"D","Rasmus Ristolainen",5900,"Buf@NYI 07:30PM ET",3.225,"Buf"
"C","Patrick Marleau",5800,"Ari@SJ 10:30PM ET",3.049,"SJ"
"D","Erik Johnson",5800,"Anh@Col 05:30PM ET",3.438,"Col"
"C","Derick Brassard",5800,"Det@NYR 12:30PM ET",3.095,"NYR"
"LW","Jeff Skinner",5800,"Car@Fla 07:00PM ET",3.315,"Car"
"RW","Brandon Saad",5800,"Chi@Cls 07:00PM ET",3.310,"Cls"
"D","Francois Beauchemin",5700,"Anh@Col 05:30PM ET",3.309,"Col"
"D","John Carlson",5700,"Was@StL 08:00PM ET",3.545,"Was"
"C","Nazem Kadri",5700,"Tor@NJ 07:00PM ET",3.424,"Tor"
"RW","Tyler Toffoli",5700,"Wpg@LA 10:00PM ET",3.222,"LA"
"RW","Mark Stone",5700,"Ott@Bos 12:30PM ET",3.296,"Ott"
"RW","Gabriel Landeskog",5700,"Anh@Col 05:30PM ET",3.249,"Col"
"RW","Marian Hossa",5600,"Chi@Cls 07:00PM ET",2.826,"Chi"
"C","Ryan Kesler",5600,"Anh@Col 05:30PM ET",3.171,"Anh"
"RW","Loui Eriksson",5600,"Ott@Bos 12:30PM ET",3.302,"Bos"
"D","Jake Muzzin",5600,"Wpg@LA 10:00PM ET",3.167,"LA"
"C","Ryan Johansen",5600,"Nsh@Dal 08:00PM ET",3.049,"Nsh"
"D","Tyson Barrie",5600,"Anh@Col 05:30PM ET",3.084,"Col"
"RW","Cam Atkinson",5600,"Chi@Cls 07:00PM ET",3.343,"Cls"
"D","Johnny Boychuk",5500,"Buf@NYI 07:30PM ET",3.043,"NYI"
"RW","T.J. Oshie",5500,"Was@StL 08:00PM ET",3.158,"Was"
"LW","Boone Jenner",5500,"Chi@Cls 07:00PM ET",3.415,"Cls"
"C","Vincent Trocheck",5500,"Car@Fla 07:00PM ET",2.996,"Fla"
"LW","Tomas Hertl",5500,"Ari@SJ 10:30PM ET",3.038,"SJ"
"LW","Jussi Jokinen",5400,"Car@Fla 07:00PM ET",2.910,"Fla"
"C","Frans Nielsen",5400,"Buf@NYI 07:30PM ET",3.279,"NYI"
"RW","Kyle Palmieri",5400,"Tor@NJ 07:00PM ET",3.358,"NJ"
"LW","Jaden Schwartz",5400,"Was@StL 08:00PM ET",2.938,"StL"
"C","Tyler Johnson",5400,"TB@Mon 07:00PM ET",2.514,"TB"
"C","Henrik Zetterberg",5300,"Det@NYR 12:30PM ET",2.833,"Det"
"LW","Andrew Ladd",5300,"Chi@Cls 07:00PM ET",2.995,"Chi"
"D","Mike Green",5300,"Det@NYR 12:30PM ET",2.324,"Det"
"RW","David Backes",5300,"Was@StL 08:00PM ET",2.834,"StL"
"RW","Justin Williams",5200,"Was@StL 08:00PM ET",3.106,"Was"
"D","Michael Stone",5200,"Ari@SJ 10:30PM ET",2.911,"Ari"
"RW","Jakob Silfverberg",5200,"Anh@Col 05:30PM ET",2.841,"Anh"
"D","Dougie Hamilton",5200,"Cgy@Min 07:00PM ET",3.006,"Cgy"
"LW","Ondrej Palat",5200,"TB@Mon 07:00PM ET",2.623,"TB"
"D","Seth Jones",5200,"Chi@Cls 07:00PM ET",2.532,"Cls"
"RW","Dylan Larkin",5200,"Det@NYR 12:30PM ET",2.994,"Det"
"D","Keith Yandle",5100,"Det@NYR 12:30PM ET",2.611,"NYR"
"LW","Milan Lucic",5100,"Wpg@LA 10:00PM ET",2.500,"LA"
"C","Alex Galchenyuk",5100,"TB@Mon 07:00PM ET",3.101,"Mon"
"LW","Michael Cammalleri",5000,"Tor@NJ 07:00PM ET",3.276,"NJ"
"D","Marc-Edouard Vlasic",5000,"Ari@SJ 10:30PM ET",2.924,"SJ"
"C","Bryan Little",5000,"Wpg@LA 10:00PM ET",2.432,"Wpg"
"D","Alexander Edler",5000,"Edm@Van 10:00PM ET",2.971,"Van"
"C","Paul Stastny",5000,"Was@StL 08:00PM ET",2.766,"StL"
"D","Ryan McDonagh",5000,"Det@NYR 12:30PM ET",2.494,"NYR"
"D","Zach Bogosian",5000,"Buf@NYI 07:30PM ET",2.627,"Buf"
"D","Morgan Rielly",5000,"Tor@NJ 07:00PM ET",2.778,"Tor"
"D","Colton Parayko",5000,"Was@StL 08:00PM ET",2.788,"StL"
"D","Zdeno Chara",4900,"Ott@Bos 12:30PM ET",2.848,"Bos"
"C","Mikko Koivu",4900,"Cgy@Min 07:00PM ET",2.821,"Min"
"LW","Eric Staal",4900,"Det@NYR 12:30PM ET",2.518,"NYR"
"LW","Benoit Pouliot",4900,"Edm@Van 10:00PM ET",2.369,"Edm"
"D","Matt Niskanen",4900,"Was@StL 08:00PM ET",2.675,"Was"
"D","Alex Goligoski",4900,"Nsh@Dal 08:00PM ET",2.704,"Dal"
"D","Alec Martinez",4900,"Wpg@LA 10:00PM ET",2.897,"LA"
"LW","Mikkel Boedker",4900,"Anh@Col 05:30PM ET",2.796,"Col"
"D","Sami Vatanen",4900,"Anh@Col 05:30PM ET",2.767,"Anh"
"C","Mika Zibanejad",4900,"Ott@Bos 12:30PM ET",2.941,"Ott"
"D","Aaron Ekblad",4900,"Car@Fla 07:00PM ET",2.580,"Fla"
"RW","Jarome Iginla",4800,"Anh@Col 05:30PM ET",2.765,"Col"
"D","Andrei Markov",4800,"TB@Mon 07:00PM ET",2.667,"Mon"
"LW","Marian Gaborik",4800,"Wpg@LA 10:00PM ET",2.517,"LA"
"LW","Chris Kunitz",4800,"Pit@Phi 03:00PM ET",2.344,"Pit"
"RW","Bobby Ryan",4800,"Ott@Bos 12:30PM ET",2.935,"Ott"
"C","Brandon Dubinsky",4800,"Chi@Cls 07:00PM ET",2.781,"Cls"
"D","Anton Stralman",4800,"TB@Mon 07:00PM ET",2.299,"TB"
"C","Artem Anisimov",4800,"Chi@Cls 07:00PM ET",2.389,"Chi"
"LW","Justin Abdelkader",4800,"Det@NYR 12:30PM ET",2.451,"Det"
"D","Jared Spurgeon",4800,"Cgy@Min 07:00PM ET",2.695,"Min"
"C","Rickard Rakell",4800,"Anh@Col 05:30PM ET",2.854,"Anh"
"LW","Max Domi",4800,"Ari@SJ 10:30PM ET",2.675,"Ari"
"D","Andrej Sekera",4700,"Edm@Van 10:00PM ET",2.716,"Edm"
"LW","Chris Kreider",4700,"Det@NYR 12:30PM ET",2.564,"NYR"
"RW","Tomas Tatar",4700,"Det@NYR 12:30PM ET",2.519,"Det"
"D","Cam Fowler",4700,"Anh@Col 05:30PM ET",2.515,"Anh"
"C","Nick Bjugstad",4700,"Car@Fla 07:00PM ET",2.583,"Fla"
"C","Charlie Coyle",4700,"Cgy@Min 07:00PM ET",2.544,"Min"
"LW","Carl Hagelin",4700,"Pit@Phi 03:00PM ET",2.494,"Pit"
"RW","Craig Smith",4700,"Nsh@Dal 08:00PM ET",2.511,"Nsh"
"RW","Reilly Smith",4700,"Car@Fla 07:00PM ET",2.809,"Fla"
"RW","Anders Lee",4700,"Buf@NYI 07:30PM ET",2.425,"NYI"
"C","Henrik Sedin",4600,"Edm@Van 10:00PM ET",2.432,"Van"
"RW","Jason Pominville",4600,"Cgy@Min 07:00PM ET",2.516,"Min"
"C","Carl Soderberg",4600,"Anh@Col 05:30PM ET",2.840,"Col"
"D","Kris Russell",4600,"Nsh@Dal 08:00PM ET",2.769,"Dal"
"LW","Jamie McGinn",4600,"Anh@Col 05:30PM ET",2.317,"Anh"
"C","Kyle Turris",4600,"Ott@Bos 12:30PM ET",2.292,"Ott"
"D","Nick Leddy",4600,"Buf@NYI 07:30PM ET",2.363,"NYI"
"D","T.J. Brodie",4600,"Cgy@Min 07:00PM ET",2.693,"Cgy"
"D","Radko Gudas",4600,"Pit@Phi 03:00PM ET",2.420,"Phi"
"C","Ryan Nugent-Hopkins",4600,"Edm@Van 10:00PM ET",2.676,"Edm"
"RW","J.T. Miller",4600,"Det@NYR 12:30PM ET",2.451,"NYR"
"RW","Shane Doan",4500,"Ari@SJ 10:30PM ET",3.000,"Ari"
"C","Tomas Plekanec",4500,"TB@Mon 07:00PM ET",2.907,"Mon"
"D","Mark Streit",4500,"Pit@Phi 03:00PM ET",2.451,"Phi"
"RW","Ryan Callahan",4500,"TB@Mon 07:00PM ET",2.367,"TB"
"LW","David Perron",4500,"Anh@Col 05:30PM ET",2.292,"Anh"
"LW","Nino Niederreiter",4500,"Cgy@Min 07:00PM ET",2.395,"Min"
"RW","Sam Reinhart",4500,"Buf@NYI 07:30PM ET",2.490,"Buf"
"C","Leon Draisaitl",4500,"Edm@Van 10:00PM ET",2.732,"Edm"
"D","Trevor Daley",4400,"Pit@Phi 03:00PM ET",2.031,"Pit"
"RW","Pierre-Alexandre Parenteau",4400,"Tor@NJ 07:00PM ET",2.478,"Tor"
"RW","Thomas Vanek",4400,"Cgy@Min 07:00PM ET",2.388,"Min"
"D","Dion Phaneuf",4400,"Ott@Bos 12:30PM ET",2.520,"Ott"
"LW","Matt Beleskey",4400,"Ott@Bos 12:30PM ET",2.437,"Bos"
"D","Tyler Myers",4400,"Wpg@LA 10:00PM ET",2.297,"Wpg"
"C","Tyler Bozak",4400,"Tor@NJ 07:00PM ET",2.547,"Tor"
"D","Travis Hamonic",4400,"Buf@NYI 07:30PM ET",2.507,"NYI"
"D","David Savard",4400,"Chi@Cls 07:00PM ET",2.667,"Cls"
"LW","Gustav Nyquist",4400,"Det@NYR 12:30PM ET",2.377,"Det"
"C","Sean Couturier",4400,"Pit@Phi 03:00PM ET",2.570,"Phi"
"C","Victor Rask",4400,"Car@Fla 07:00PM ET",2.696,"Car"
"LW","Alex Killorn",4400,"TB@Mon 07:00PM ET",2.265,"TB"
"D","Jacob Trouba",4400,"Wpg@LA 10:00PM ET",2.512,"Wpg"
"LW","Andre Burakovsky",4400,"Was@StL 08:00PM ET",2.141,"Was"
"RW","Radim Vrbata",4300,"Edm@Van 10:00PM ET",2.568,"Van"
"D","Brooks Orpik",4300,"Was@StL 08:00PM ET",2.048,"Was"
"C","Martin Hanzal",4300,"Ari@SJ 10:30PM ET",2.654,"Ari"
"RW","Troy Brouwer",4300,"Was@StL 08:00PM ET",2.375,"StL"
"C","Jordan Staal",4300,"Car@Fla 07:00PM ET",2.475,"Car"
"C","Mikael Backlund",4300,"Cgy@Min 07:00PM ET",2.735,"Cgy"
"D","Ryan Ellis",4300,"Nsh@Dal 08:00PM ET",2.449,"Nsh"
"C","Adam Henrique",4300,"Tor@NJ 07:00PM ET",2.811,"NJ"
"D","Mattias Ekholm",4300,"Nsh@Dal 08:00PM ET",2.321,"Nsh"
"D","Hampus Lindholm",4300,"Anh@Col 05:30PM ET",2.487,"Anh"
"D","Matt Dumba",4300,"Cgy@Min 07:00PM ET",2.037,"Min"
"LW","Nikolaj Ehlers",4300,"Wpg@LA 10:00PM ET",2.327,"Wpg"
"RW","Drew Stafford",4200,"Wpg@LA 10:00PM ET",2.604,"Wpg"
"RW","Michael Frolik",4200,"Cgy@Min 07:00PM ET",2.811,"Cgy"
"RW","Jannik Hansen",4200,"Edm@Van 10:00PM ET",2.377,"Van"
"C","Brandon Sutter",4200,"Edm@Van 10:00PM ET",2.341,"Van"
"C","Marcus Johansson",4200,"Was@StL 08:00PM ET",2.527,"Was"
"C","Nick Bonino",4200,"Pit@Phi 03:00PM ET",2.273,"Pit"
"RW","Mikael Granlund",4200,"Cgy@Min 07:00PM ET",2.574,"Min"
"C","Jean-Gabriel Pageau",4200,"Ott@Bos 12:30PM ET",2.488,"Ott"
"RW","Andrew Shaw",4200,"Chi@Cls 07:00PM ET",2.113,"Chi"
"C","Erik Haula",4200,"Cgy@Min 07:00PM ET",2.044,"Min"
"C","Elias Lindholm",4200,"Car@Fla 07:00PM ET",2.370,"Car"
"RW","Ales Hemsky",4100,"Nsh@Dal 08:00PM ET",2.446,"Dal"
"D","Kevin Klein",4100,"Det@NYR 12:30PM ET",2.340,"NYR"
"LW","Zack Smith",4100,"Ott@Bos 12:30PM ET",2.100,"Ott"
"D","Michael Del Zotto",4100,"Pit@Phi 03:00PM ET",2.519,"Phi"
"RW","Tyler Ennis",4100,"Buf@NYI 07:30PM ET",2.061,"Buf"
"D","Calvin de Haan",4100,"Buf@NYI 07:30PM ET",2.390,"NYI"
"D","Cody Ceci",4100,"Ott@Bos 12:30PM ET",2.473,"Ott"
"D","Jaccob Slavin",4100,"Car@Fla 07:00PM ET",2.326,"Car"
"C","William Nylander",4100,"Tor@NJ 07:00PM ET",2.643,"Tor"
"RW","Nikita Soshnikov",4100,"Tor@NJ 07:00PM ET",1.865,"Tor"
"D","Brian Campbell",4000,"Car@Fla 07:00PM ET",1.951,"Fla"
"LW","Scott Hartnell",4000,"Chi@Cls 07:00PM ET",2.643,"Cls"
"RW","Jiri Hudler",4000,"Car@Fla 07:00PM ET",2.192,"Fla"
"D","Niklas Kronwall",4000,"Det@NYR 12:30PM ET",1.953,"Det"
"RW","Lee Stempniak",4000,"Ott@Bos 12:30PM ET",2.614,"Bos"
"RW","Joel Ward",4000,"Ari@SJ 10:30PM ET",2.628,"SJ"
"D","Jake Gardiner",4000,"Tor@NJ 07:00PM ET",2.109,"Tor"
"C","Cody Eakin",4000,"Nsh@Dal 08:00PM ET",2.204,"Dal"
"D","Jeff Petry",4000,"TB@Mon 07:00PM ET",2.368,"Mon"
"C","Ryan Spooner",4000,"Ott@Bos 12:30PM ET",2.533,"Bos"
"LW","Brandon Pirri",4000,"Anh@Col 05:30PM ET",2.215,"Anh"
"D","Oscar Klefbom",4000,"Edm@Van 10:00PM ET",2.677,"Edm"
"RW","Nail Yakupov",4000,"Edm@Van 10:00PM ET",2.093,"Edm"
"D","Ryan Murray",4000,"Chi@Cls 07:00PM ET",2.238,"Cls"
"LW","Robby Fabbri",4000,"Was@StL 08:00PM ET",2.054,"StL"
"RW","David Pastrnak",4000,"Ott@Bos 12:30PM ET",2.287,"Bos"
"RW","Brian Gionta",3900,"Buf@NYI 07:30PM ET",2.221,"Buf"
"RW","Patrick Eaves",3900,"Nsh@Dal 08:00PM ET",1.710,"Dal"
"D","Dennis Wideman",3900,"Cgy@Min 07:00PM ET",2.231,"Cgy"
"LW","Nick Foligno",3900,"Chi@Cls 07:00PM ET",2.473,"Cls"
"D","Karl Alzner",3900,"Was@StL 08:00PM ET",2.300,"Was"
"LW","Patrick Maroon",3900,"Edm@Van 10:00PM ET",1.639,"Edm"
"LW","Mathieu Perreault",3900,"Wpg@LA 10:00PM ET",2.231,"Wpg"
"C","Jori Lehtera",3900,"Was@StL 08:00PM ET",1.661,"StL"
"C","Brock Nelson",3900,"Buf@NYI 07:30PM ET",2.696,"NYI"
"LW","Joonas Donskoi",3900,"Ari@SJ 10:30PM ET",2.064,"SJ"
"RW","Leo Komarov",3900,"Tor@NJ 07:00PM ET",2.218,"Tor"
"D","Olli Maatta",3900,"Pit@Phi 03:00PM ET",1.813,"Pit"
"D","Dan Boyle",3800,"Det@NYR 12:30PM ET",2.043,"NYR"
"C","Mike Ribeiro",3800,"Nsh@Dal 08:00PM ET",1.914,"Nsh"
"C","Mike Fisher",3800,"Nsh@Dal 08:00PM ET",2.086,"Nsh"
"D","Jay Bouwmeester",3800,"Was@StL 08:00PM ET",2.056,"StL"
"LW","Johan Franzen",3800,"Det@NYR 12:30PM ET",1.750,"Det"
"C","Patrik Berglund",3800,"Was@StL 08:00PM ET",2.168,"StL"
"LW","Teddy Purcell",3800,"Car@Fla 07:00PM ET",2.278,"Fla"
"D","Niklas Hjalmarsson",3800,"Chi@Cls 07:00PM ET",2.062,"Chi"
"D","Jason Demers",3800,"Nsh@Dal 08:00PM ET",2.030,"Dal"
"LW","Jason Zucker",3800,"Cgy@Min 07:00PM ET",2.197,"Min"
"D","Connor Murphy",3800,"Ari@SJ 10:30PM ET",2.026,"Ari"
"LW","Tobias Rieder",3800,"Ari@SJ 10:30PM ET",2.531,"Ari"
"C","Teuvo Teravainen",3800,"Chi@Cls 07:00PM ET",2.120,"Chi"
"D","Justin Schultz",3800,"Pit@Phi 03:00PM ET",1.857,"Pit"
"C","Matt Cullen",3700,"Pit@Phi 03:00PM ET",2.031,"Pit"
"D","John-Michael Liles",3700,"Ott@Bos 12:30PM ET",2.068,"Bos"
"LW","Clarke MacArthur",3700,"Ott@Bos 12:30PM ET",0.500,"Ott"
"D","Ben Hutton",3700,"Edm@Van 10:00PM ET",1.993,"Van"
"C","Bo Horvat",3700,"Edm@Van 10:00PM ET",2.451,"Van"
"RW","Sven Andrighetto",3700,"TB@Mon 07:00PM ET",1.810,"Mon"
"RW","Anthony Duclair",3700,"Ari@SJ 10:30PM ET",2.190,"Ari"
"C","Sam Bennett",3700,"Cgy@Min 07:00PM ET",2.253,"Cgy"
"D","Noah Hanifin",3700,"Car@Fla 07:00PM ET",1.862,"Car"
"D","Ron Hainsey",3600,"Car@Fla 07:00PM ET",2.138,"Car"
"C","Antoine Vermette",3600,"Ari@SJ 10:30PM ET",2.408,"Ari"
"RW","Dustin Brown",3600,"Wpg@LA 10:00PM ET",2.253,"LA"
"C","Travis Zajac",3600,"Tor@NJ 07:00PM ET",2.360,"NJ"
"D","Kevin Bieksa",3600,"Anh@Col 05:30PM ET",1.979,"Anh"
"D","David Schlemko",3600,"Tor@NJ 07:00PM ET",1.890,"NJ"
"RW","Joe Colborne",3600,"Cgy@Min 07:00PM ET",2.351,"Cgy"
"D","Marco Scandella",3600,"Cgy@Min 07:00PM ET",2.162,"Min"
"D","Dmitry Kulikov",3600,"Car@Fla 07:00PM ET",1.851,"Fla"
"D","Justin Braun",3600,"Ari@SJ 10:30PM ET",2.241,"SJ"
"D","Christopher Tanev",3600,"Edm@Van 10:00PM ET",2.007,"Van"
"C","Kevin Hayes",3600,"Det@NYR 12:30PM ET",1.994,"NYR"
"RW","Devante Smith-Pelly",3600,"Tor@NJ 07:00PM ET",1.717,"NJ"
"LW","Calle Jarnkrok",3600,"Nsh@Dal 08:00PM ET",1.838,"Nsh"
"D","Dmitry Orlov",3600,"Was@StL 08:00PM ET",1.706,"Was"
"RW","Ryan Strome",3600,"Buf@NYI 07:30PM ET",1.964,"NYI"
"LW","Tanner Pearson",3600,"Wpg@LA 10:00PM ET",2.160,"LA"
"RW","Valeri Nichushkin",3600,"Nsh@Dal 08:00PM ET",1.899,"Dal"
"C","Alexander Wennberg",3600,"Chi@Cls 07:00PM ET",2.207,"Cls"
"D","Jordan Oesterle",3600,"Edm@Van 10:00PM ET",2.125,"Edm"
"LW","Jason Chimera",3500,"Was@StL 08:00PM ET",2.319,"Was"
"LW","Joffrey Lupul",3500,"Tor@NJ 07:00PM ET",2.068,"Tor"
"D","Jack Johnson",3500,"Chi@Cls 07:00PM ET",2.098,"Cls"
"LW","Blake Comeau",3500,"Anh@Col 05:30PM ET",2.165,"Col"
"RW","Kris Versteeg",3500,"Wpg@LA 10:00PM ET",2.365,"LA"
"D","Dan Girardi",3500,"Det@NYR 12:30PM ET",2.190,"NYR"
"C","David Desharnais",3500,"TB@Mon 07:00PM ET",1.969,"Mon"
"LW","Sven Baertschi",3500,"Edm@Van 10:00PM ET",1.986,"Van"
"C","Vladislav Namestnikov",3500,"TB@Mon 07:00PM ET",1.938,"TB"
"LW","Reid Boucher",3500,"Tor@NJ 07:00PM ET",2.313,"NJ"
"LW","Michael Raffl",3500,"Pit@Phi 03:00PM ET",1.881,"Phi"
"D","Trevor van Riemsdyk",3500,"Chi@Cls 07:00PM ET",1.870,"Chi"
"LW","Frank Vatrano",3500,"Ott@Bos 12:30PM ET",2.333,"Bos"
"RW","Brad Richards",3400,"Det@NYR 12:30PM ET",2.194,"Det"
"LW","Andrew Cogliano",3400,"Anh@Col 05:30PM ET",1.850,"Anh"
"RW","Chris Stewart",3400,"Anh@Col 05:30PM ET",1.593,"Anh"
"D","Johnny Oduya",3400,"Nsh@Dal 08:00PM ET",2.012,"Dal"
"D","Andrew MacDonald",3400,"Pit@Phi 03:00PM ET",2.179,"Phi"
"D","Thomas Hickey",3400,"Buf@NYI 07:30PM ET",1.861,"NYI"
"LW","Lars Eller",3400,"TB@Mon 07:00PM ET",1.946,"Mon"
"RW","Peter Holland",3400,"Tor@NJ 07:00PM ET",1.897,"Tor"
"RW","Mark Arcobello",3400,"Tor@NJ 07:00PM ET",1.619,"Tor"
"RW","Jonathan Marchessault",3400,"TB@Mon 07:00PM ET",1.615,"TB"
"LW","Phillip Di Giuseppe",3400,"Car@Fla 07:00PM ET",2.036,"Car"
"LW","Marko Dano",3400,"Wpg@LA 10:00PM ET",1.625,"Wpg"
"RW","Oliver Bjorkstrand",3400,"Chi@Cls 07:00PM ET",2.864,"Cls"
"RW","Viktor Arvidsson",3400,"Nsh@Dal 08:00PM ET",2.196,"Nsh"
"LW","Alex Tanguay",3300,"Ari@SJ 10:30PM ET",1.871,"Ari"
"D","Michal Rozsival",3300,"Chi@Cls 07:00PM ET",1.429,"Chi"
"D","Nick Schultz",3300,"Pit@Phi 03:00PM ET",1.785,"Phi"
"LW","Milan Michalek",3300,"Tor@NJ 07:00PM ET",1.724,"Tor"
"LW","Shawn Matthias",3300,"Anh@Col 05:30PM ET",1.897,"Col"
"RW","Dale Weise",3300,"Chi@Cls 07:00PM ET",2.143,"Chi"
"D","Brandon Davidson",3300,"Edm@Van 10:00PM ET",1.713,"Edm"
"RW","Andrej Nestrasil",3300,"Car@Fla 07:00PM ET",1.966,"Car"
"RW","Mikhail Grigorenko",3300,"Anh@Col 05:30PM ET",1.572,"Col"
"D","Darnell Nurse",3300,"Edm@Van 10:00PM ET",1.904,"Edm"
"RW","Anthony Mantha",3300,"Det@NYR 12:30PM ET",1.682,"Det"
"LW","Mattias Janmark",3300,"Nsh@Dal 08:00PM ET",1.847,"Dal"
"D","Joel Hanley",3300,"TB@Mon 07:00PM ET",2.722,"Mon"
"LW","Patrik Elias",3200,"Tor@NJ 07:00PM ET",1.367,"NJ"
"C","Vincent Lecavalier",3200,"Wpg@LA 10:00PM ET",1.543,"LA"
"D","Dennis Seidenberg",3200,"Ott@Bos 12:30PM ET",1.844,"Bos"
"LW","Tomas Fleischmann",3200,"Chi@Cls 07:00PM ET",1.734,"Chi"
"D","Dan Hamhuis",3200,"Edm@Van 10:00PM ET",1.716,"Van"
"D","Kyle Quincey",3200,"Det@NYR 12:30PM ET",1.891,"Det"
"D","Roman Polak",3200,"Ari@SJ 10:30PM ET",1.899,"SJ"
"D","Toby Enstrom",3200,"Wpg@LA 10:00PM ET",1.354,"Wpg"
"RW","Sam Gagner",3200,"Pit@Phi 03:00PM ET",1.542,"Phi"
"D","Nick Holden",3200,"Anh@Col 05:30PM ET",1.901,"Col"
"D","Ben Lovejoy",3200,"Pit@Phi 03:00PM ET",1.750,"Pit"
"D","Jason Garrison",3200,"TB@Mon 07:00PM ET",1.789,"TB"
"D","Kevin Connauton",3200,"Ari@SJ 10:30PM ET",1.806,"Ari"
"RW","Brett Connolly",3200,"Ott@Bos 12:30PM ET",1.638,"Bos"
"C","Johan Larsson",3200,"Buf@NYI 07:30PM ET",1.390,"Buf"
"C","Zach Hyman",3200,"Tor@NJ 07:00PM ET",2.406,"Tor"
"RW","Jesper Fast",3200,"Det@NYR 12:30PM ET",1.699,"NYR"
"LW","Matt Read",3200,"Pit@Phi 03:00PM ET",1.962,"Phi"
"LW","Antoine Roussel",3200,"Nsh@Dal 08:00PM ET",1.944,"Dal"
"D","Kevan Miller",3200,"Ott@Bos 12:30PM ET",1.818,"Bos"
"D","Alexei Emelin",3200,"TB@Mon 07:00PM ET",1.493,"Mon"
"D","Nathan Beaulieu",3200,"TB@Mon 07:00PM ET",1.813,"Mon"
"D","Colin Miller",3200,"Ott@Bos 12:30PM ET",1.822,"Bos"
"D","Christian Ehrhoff",3100,"Chi@Cls 07:00PM ET",1.482,"Chi"
"C","Valtteri Filppula",3100,"TB@Mon 07:00PM ET",1.678,"TB"
"D","Cody Franson",3100,"Buf@NYI 07:30PM ET",1.623,"Buf"
"LW","Darren Helm",3100,"Det@NYR 12:30PM ET",2.071,"Det"
"LW","Josh Bailey",3100,"Buf@NYI 07:30PM ET",1.765,"NYI"
"LW","Marcus Foligno",3100,"Buf@NYI 07:30PM ET",1.558,"Buf"
"LW","Colin Greening",3100,"Tor@NJ 07:00PM ET",2.367,"Tor"
"D","Mark Barberio",3100,"TB@Mon 07:00PM ET",1.343,"Mon"
"C","Riley Sheahan",3100,"Det@NYR 12:30PM ET",1.803,"Det"
"LW","Joakim Nordstrom",3100,"Car@Fla 07:00PM ET",1.597,"Car"
"C","Radek Faksa",3100,"Nsh@Dal 08:00PM ET",1.784,"Dal"
"D","Erik Gustafsson",3100,"Chi@Cls 07:00PM ET",1.574,"Chi"
"LW","Jonathan Drouin",3100,"TB@Mon 07:00PM ET",1.196,"TB"
"C","Brad Richardson",3000,"Ari@SJ 10:30PM ET",1.944,"Ari"
"D","Andy Greene",3000,"Tor@NJ 07:00PM ET",1.704,"NJ"
"LW","Tyler Kennedy",3000,"Tor@NJ 07:00PM ET",1.380,"NJ"
"C","Mikhail Grabovski",3000,"Buf@NYI 07:30PM ET",1.861,"NYI"
"RW","Michael Grabner",3000,"Tor@NJ 07:00PM ET",1.631,"Tor"
"D","Matt Hunwick",3000,"Tor@NJ 07:00PM ET",1.440,"Tor"
"D","Luke Schenn",3000,"Wpg@LA 10:00PM ET",1.689,"LA"
"RW","Tommy Wingels",3000,"Ari@SJ 10:30PM ET",1.873,"SJ"
"RW","Jimmy Hayes",3000,"Ott@Bos 12:30PM ET",1.840,"Bos"
"C","Alex Burmistrov",3000,"Wpg@LA 10:00PM ET",1.438,"Wpg"
"LW","Tom Kuhnhackl",3000,"Pit@Phi 03:00PM ET",1.878,"Pit"
"D","Dalton Prout",3000,"Chi@Cls 07:00PM ET",1.336,"Cls"
"D","Adam Larsson",3000,"Tor@NJ 07:00PM ET",1.759,"NJ"
"LW","Josh Leivo",3000,"Tor@NJ 07:00PM ET",1.893,"Tor"
"D","Nikita Nesterov",3000,"TB@Mon 07:00PM ET",1.024,"TB"
"D","Danny DeKeyser",3000,"Det@NYR 12:30PM ET",1.786,"Det"
"RW","Brad Boyes",2900,"Tor@NJ 07:00PM ET",1.407,"Tor"
"RW","Eric Fehr",2900,"Pit@Phi 03:00PM ET",1.796,"Pit"
"C","Brian Boyle",2900,"TB@Mon 07:00PM ET",1.737,"TB"
"D","Deryk Engelland",2900,"Cgy@Min 07:00PM ET",1.625,"Cgy"
"D","Marc Staal",2900,"Det@NYR 12:30PM ET",1.544,"NYR"
"C","Mark Letestu",2900,"Edm@Van 10:00PM ET",1.617,"Edm"
"D","Ian Cole",2900,"Pit@Phi 03:00PM ET",1.566,"Pit"
"RW","Chris Terry",2900,"Car@Fla 07:00PM ET",1.136,"Car"
"LW","Colton Sceviour",2900,"Nsh@Dal 08:00PM ET",1.993,"Dal"
"D","Simon Despres",2900,"Anh@Col 05:30PM ET",1.697,"Anh"
"RW","Richard Panik",2900,"Chi@Cls 07:00PM ET",1.484,"Chi"
"C","Oscar Lindberg",2900,"Det@NYR 12:30PM ET",1.865,"NYR"
"RW","Bryan Rust",2900,"Pit@Phi 03:00PM ET",1.663,"Pit"
"RW","Iiro Pakarinen",2900,"Edm@Van 10:00PM ET",1.167,"Edm"
"LW","Scott Wilson",2900,"Pit@Phi 03:00PM ET",1.362,"Pit"
"D","Greg Pateryn",2900,"TB@Mon 07:00PM ET",1.027,"Mon"
"RW","J.T. Brown",2900,"TB@Mon 07:00PM ET",1.833,"TB"
"D","Derrick Pouliot",2900,"Pit@Phi 03:00PM ET",1.296,"Pit"
"D","Damon Severson",2900,"Tor@NJ 07:00PM ET",1.473,"NJ"
"LW","Brendan Leipsic",2900,"Tor@NJ 07:00PM ET",2.214,"Tor"
"LW","Andreas Athanasiou",2900,"Det@NYR 12:30PM ET",1.908,"Det"
"D","Connor Carrick",2900,"Tor@NJ 07:00PM ET",1.364,"Tor"
"RW","Hunter Shinkaruk",2900,"Cgy@Min 07:00PM ET",1.813,"Cgy"
"D","Marek Zidlicky",2800,"Buf@NYI 07:30PM ET",1.595,"NYI"
"C","Dave Bolland",2800,"Car@Fla 07:00PM ET",0.582,"Fla"
"D","Adam McQuaid",2800,"Ott@Bos 12:30PM ET",1.587,"Bos"
"RW","Alexandre Burrows",2800,"Edm@Van 10:00PM ET",1.720,"Van"
"D","Adam Pardy",2800,"Edm@Van 10:00PM ET",0.745,"Edm"
"C","Torrey Mitchell",2800,"TB@Mon 07:00PM ET",1.486,"Mon"
"RW","Riley Nash",2800,"Car@Fla 07:00PM ET",1.539,"Car"
"D","Jordie Benn",2800,"Nsh@Dal 08:00PM ET",1.507,"Dal"
"RW","Zack Kassian",2800,"Edm@Van 10:00PM ET",1.186,"Edm"
"D","John Moore",2800,"Tor@NJ 07:00PM ET",1.743,"NJ"
"C","Casey Cizikas",2800,"Buf@NYI 07:30PM ET",1.744,"NYI"
"LW","Matt Calvert",2800,"Chi@Cls 07:00PM ET",1.831,"Cls"
"D","Ben Chiarot",2800,"Wpg@LA 10:00PM ET",1.390,"Wpg"
"RW","Beau Bennett",2800,"Pit@Phi 03:00PM ET",1.735,"Pit"
"RW","Emerson Etem",2800,"Edm@Van 10:00PM ET",1.633,"Van"
"LW","Lance Bouma",2800,"Cgy@Min 07:00PM ET",1.380,"Cgy"
"D","Alex Petrovic",2800,"Car@Fla 07:00PM ET",1.443,"Fla"
"LW","Micheal Ferland",2800,"Cgy@Min 07:00PM ET",1.528,"Cgy"
"D","Zach Trotman",2800,"Ott@Bos 12:30PM ET",1.356,"Bos"
"D","Mark Fayne",2800,"Edm@Van 10:00PM ET",1.352,"Edm"
"D","Jonas Brodin",2800,"Cgy@Min 07:00PM ET",1.449,"Min"
"RW","Joel Armia",2800,"Wpg@LA 10:00PM ET",1.132,"Wpg"
"D","Adam Clendening",2800,"Edm@Van 10:00PM ET",1.163,"Edm"
"LW","Matt Nieto",2800,"Ari@SJ 10:30PM ET",1.486,"SJ"
"D","Mike Reilly",2800,"Cgy@Min 07:00PM ET",1.250,"Min"
"D","Darren Dietz",2800,"TB@Mon 07:00PM ET",2.000,"Mon"
"D","Josh Manson",2800,"Anh@Col 05:30PM ET",1.594,"Anh"
"D","Nate Schmidt",2800,"Was@StL 08:00PM ET",1.760,"Was"
"RW","Jake Virtanen",2800,"Edm@Van 10:00PM ET",1.579,"Van"
"D","Jakub Nakladal",2800,"Cgy@Min 07:00PM ET",1.483,"Cgy"
"LW","Raffi Torres",2700,"Tor@NJ 07:00PM ET",0,"Tor"
"LW","Chris Higgins",2700,"Edm@Van 10:00PM ET",1.292,"Van"
"D","Zbynek Michalek",2700,"Ari@SJ 10:30PM ET",1.521,"Ari"
"D","Paul Martin",2700,"Ari@SJ 10:30PM ET",1.613,"SJ"
"D","Tom Gilbert",2700,"TB@Mon 07:00PM ET",1.447,"Mon"
"LW","Brooks Laich",2700,"Tor@NJ 07:00PM ET",1.171,"Tor"
"D","Josh Gorges",2700,"Buf@NYI 07:30PM ET",1.734,"Buf"
"C","Nate Thompson",2700,"Anh@Col 05:30PM ET",1.122,"Anh"
"RW","Matt Moulson",2700,"Buf@NYI 07:30PM ET",1.376,"Buf"
"RW","Ryan White",2700,"Pit@Phi 03:00PM ET",1.563,"Phi"
"C","Jay Beagle",2700,"Was@StL 08:00PM ET",1.607,"Was"
"RW","Matt Halischuk",2700,"Wpg@LA 10:00PM ET",0.939,"Wpg"
"LW","Colin Wilson",2700,"Nsh@Dal 08:00PM ET",1.795,"Nsh"
"D","Justin Falk",2700,"Chi@Cls 07:00PM ET",1.222,"Cls"
"D","Paul Postma",2700,"Wpg@LA 10:00PM ET",0.500,"Wpg"
"RW","Viktor Stalberg",2700,"Det@NYR 12:30PM ET",1.662,"NYR"
"C","Jordan Schroeder",2700,"Cgy@Min 07:00PM ET",1.050,"Min"
"RW","Erik Condra",2700,"TB@Mon 07:00PM ET",0.949,"TB"
"D","Robert Bortuzzo",2700,"Was@StL 08:00PM ET",1.071,"StL"
"D","Steven Kampfer",2700,"Car@Fla 07:00PM ET",1.111,"Fla"
"RW","Gabriel Bourque",2700,"Nsh@Dal 08:00PM ET",1.300,"Nsh"
"RW","Ben Smith",2700,"Tor@NJ 07:00PM ET",0.924,"Tor"
"D","David Warsofsky",2700,"Tor@NJ 07:00PM ET",1.106,"NJ"
"D","Patrik Nemeth",2700,"Nsh@Dal 08:00PM ET",1.106,"Dal"
"D","Stephen Johns",2700,"Nsh@Dal 08:00PM ET",1.731,"Dal"
"C","Greg McKegg",2700,"Car@Fla 07:00PM ET",0.889,"Fla"
"LW","Teemu Pulkkinen",2700,"Det@NYR 12:30PM ET",1.415,"Det"
"D","Brayden McNabb",2700,"Wpg@LA 10:00PM ET",1.544,"LA"
"D","Joe Morrow",2700,"Ott@Bos 12:30PM ET",1.069,"Bos"
"LW","Miikka Salomaki",2700,"Nsh@Dal 08:00PM ET",1.117,"Nsh"
"D","Fredrik Claesson",2700,"Ott@Bos 12:30PM ET",1.567,"Ott"
"D","Jyrki Jokipakka",2700,"Cgy@Min 07:00PM ET",1.205,"Cgy"
"D","Chris Wideman",2700,"Ott@Bos 12:30PM ET",1.579,"Ott"
"D","Brian Dumoulin",2700,"Pit@Phi 03:00PM ET",1.456,"Pit"
"LW","Zemgus Girgensons",2700,"Buf@NYI 07:30PM ET",1.662,"Buf"
"LW","Jordan Martinook",2700,"Ari@SJ 10:30PM ET",1.644,"Ari"
"D","Adam Pelech",2700,"Buf@NYI 07:30PM ET",1.450,"NYI"
"LW","Nic Petan",2700,"Wpg@LA 10:00PM ET",0.833,"Wpg"
"RW","Hudson Fasching",2700,"Buf@NYI 07:30PM ET",1.250,"Buf"
"D","Viktor Svedberg",2700,"Chi@Cls 07:00PM ET",1.611,"Chi"
"RW","Daniel Carr",2700,"TB@Mon 07:00PM ET",1.957,"Mon"
"LW","Melker Karlsson",2700,"Ari@SJ 10:30PM ET",1.838,"SJ"
"C","Olli Jokinen",2600,"Was@StL 08:00PM ET",0,"StL"
"D","Brad Stuart",2600,"Anh@Col 05:30PM ET",0.389,"Col"
"D","Willie Mitchell",2600,"Car@Fla 07:00PM ET",1.446,"Fla"
"C","Shawn Horcoff",2600,"Anh@Col 05:30PM ET",1.466,"Anh"
"LW","Scottie Upshall",2600,"Was@StL 08:00PM ET",1.403,"StL"
"RW","Shawn Thornton",2600,"Car@Fla 07:00PM ET",0.540,"Fla"
"D","Matt Greene",2600,"Wpg@LA 10:00PM ET",0.667,"LA"
"D","Mark Stuart",2600,"Wpg@LA 10:00PM ET",1.352,"Wpg"
"D","Marc Methot",2600,"Ott@Bos 12:30PM ET",1.500,"Ott"
"C","Kyle Brodziak",2600,"Was@StL 08:00PM ET",0.962,"StL"
"LW","Rene Bourque",2600,"Chi@Cls 07:00PM ET",1.320,"Cls"
"D","Jakub Kindl",2600,"Car@Fla 07:00PM ET",1.160,"Fla"
"C","Adam Cracknell",2600,"Edm@Van 10:00PM ET",1.135,"Edm"
"LW","Ryan Carter",2600,"Cgy@Min 07:00PM ET",1.234,"Min"
"LW","Cal O'Reilly",2600,"Buf@NYI 07:30PM ET",1.065,"Buf"
"LW","Derek Dorsett",2600,"Edm@Van 10:00PM ET",1.345,"Van"
"LW","Nikolay Kulemin",2600,"Buf@NYI 07:30PM ET",1.494,"NYI"
"D","Brendan Smith",2600,"Det@NYR 12:30PM ET",1.418,"Det"
"D","Mike Weber",2600,"Was@StL 08:00PM ET",1.082,"Was"
"D","Michael Kostka",2600,"Ott@Bos 12:30PM ET",1.179,"Ott"
"D","Luca Sbisa",2600,"Edm@Van 10:00PM ET",1.359,"Van"
"D","Yannick Weber",2600,"Edm@Van 10:00PM ET",1.140,"Van"
"LW","Brandon Mashinter",2600,"Chi@Cls 07:00PM ET",0.528,"Chi"
"RW","Andrew Desjardins",2600,"Chi@Cls 07:00PM ET",1.353,"Chi"
"LW","Paul Byron",2600,"TB@Mon 07:00PM ET",1.394,"Mon"
"D","Brian Strait",2600,"Buf@NYI 07:30PM ET",1.079,"NYI"
"LW","Zac Rinaldo",2600,"Ott@Bos 12:30PM ET",0.609,"Bos"
"D","Eric Gelinas",2600,"Anh@Col 05:30PM ET",0.981,"Col"
"C","Marcus Kruger",2600,"Chi@Cls 07:00PM ET",1.095,"Chi"
"D","Erik Gudbranson",2600,"Car@Fla 07:00PM ET",1.348,"Fla"
"D","Jon Merrill",2600,"Tor@NJ 07:00PM ET",0.946,"NJ"
"D","Martin Marincin",2600,"Tor@NJ 07:00PM ET",1.035,"Tor"
"D","Anthony Bitetto",2600,"Nsh@Dal 08:00PM ET",1.037,"Nsh"
"D","Mark Borowiecki",2600,"Ott@Bos 12:30PM ET",0.971,"Ott"
"D","Zach Redmond",2600,"Anh@Col 05:30PM ET",0.864,"Col"
"RW","Mike Sislo",2600,"Tor@NJ 07:00PM ET",1.583,"NJ"
"RW","Tyler Randell",2600,"Ott@Bos 12:30PM ET",0.633,"Bos"
"D","Ryan Murphy",2600,"Car@Fla 07:00PM ET",1.459,"Car"
"LW","Phillip Danault",2600,"TB@Mon 07:00PM ET",1.440,"Mon"
"D","Joel Edmundson",2600,"Was@StL 08:00PM ET",1.317,"StL"
"RW","Andy Andreoff",2600,"Wpg@LA 10:00PM ET",0.828,"LA"
"D","Alexey Marchenko",2600,"Det@NYR 12:30PM ET",1.357,"Det"
"LW","Brian Flynn",2600,"TB@Mon 07:00PM ET",1.422,"Mon"
"C","Luke Glendening",2600,"Det@NYR 12:30PM ET",1.606,"Det"
"RW","Tom Wilson",2600,"Was@StL 08:00PM ET",1.563,"Was"
"D","Jake McCabe",2600,"Buf@NYI 07:30PM ET",1.506,"Buf"
"LW","Cedric Paquette",2600,"TB@Mon 07:00PM ET",1.190,"TB"
"LW","Joseph Blandisi",2600,"Tor@NJ 07:00PM ET",1.634,"NJ"
"D","Viktor Loov",2600,"Tor@NJ 07:00PM ET",0.357,"Tor"
"D","Andrej Sustr",2600,"TB@Mon 07:00PM ET",1.404,"TB"
"D","Brett Pesce",2600,"Car@Fla 07:00PM ET",1.725,"Car"
"LW","Tobias Lindberg",2600,"Tor@NJ 07:00PM ET",2.000,"Tor"
"RW","Josh Jooris",2600,"Cgy@Min 07:00PM ET",1.419,"Cgy"
"RW","Patrick Brown",2600,"Car@Fla 07:00PM ET",1.714,"Car"
"RW","Garnet Hathaway",2600,"Cgy@Min 07:00PM ET",1.500,"Cgy"
"C","Pierre-Edouard Bellemare",2600,"Pit@Phi 03:00PM ET",1.569,"Phi"
"LW","Jared McCann",2600,"Edm@Van 10:00PM ET",1.420,"Van"
"RW","Jiri Sekac",2600,"Ari@SJ 10:30PM ET",0.949,"Ari"
"D","Nikita Tryamkin",2600,"Edm@Van 10:00PM ET",1.750,"Van"
"RW","Dainius Zubrus",2500,"Ari@SJ 10:30PM ET",0.804,"SJ"
"D","Chris Phillips",2500,"Ott@Bos 12:30PM ET",0,"Ott"
"C","David Legwand",2500,"Buf@NYI 07:30PM ET",0.930,"Buf"
"D","Stephane Robidas",2500,"Tor@NJ 07:00PM ET",0,"Tor"
"C","Scott Gomez",2500,"Ott@Bos 12:30PM ET",0.829,"Ott"
"RW","Eric Boulton",2500,"Buf@NYI 07:30PM ET",0.067,"NYI"
"D","Andrew Ference",2500,"Edm@Van 10:00PM ET",0.265,"Edm"
"D","Barret Jackman",2500,"Nsh@Dal 08:00PM ET",1.083,"Nsh"
"RW","Chris Neil",2500,"Ott@Bos 12:30PM ET",0.861,"Ott"
"C","Derek MacKenzie",2500,"Car@Fla 07:00PM ET",1.307,"Fla"
"C","Jarret Stoll",2500,"Cgy@Min 07:00PM ET",1.000,"Min"
"LW","Eric Nystrom",2500,"Nsh@Dal 08:00PM ET",1.043,"Nsh"
"RW","Jordin Tootoo",2500,"Tor@NJ 07:00PM ET",1.070,"NJ"
"C","Boyd Gordon",2500,"Ari@SJ 10:30PM ET",0.910,"Ari"
"C","Vernon Fiddler",2500,"Nsh@Dal 08:00PM ET",1.580,"Dal"
"D","Fedor Tyutin",2500,"Chi@Cls 07:00PM ET",0.833,"Cls"
"D","Carlo Colaiacovo",2500,"Buf@NYI 07:30PM ET",0.738,"Buf"
"LW","Travis Moen",2500,"Nsh@Dal 08:00PM ET",0.471,"Dal"
"C","Paul Gaustad",2500,"Nsh@Dal 08:00PM ET",0.804,"Nsh"
"D","Rob Scuderi",2500,"Wpg@LA 10:00PM ET",1.064,"LA"
"RW","R.J. Umberger",2500,"Pit@Phi 03:00PM ET",1.000,"Phi"
"C","Jay McClement",2500,"Car@Fla 07:00PM ET",0.918,"Car"
"C","Dominic Moore",2500,"Det@NYR 12:30PM ET",1.272,"NYR"
"RW","Tuomo Ruutu",2500,"Tor@NJ 07:00PM ET",0.488,"NJ"
"C","Gregory Campbell",2500,"Chi@Cls 07:00PM ET",1.000,"Cls"
"C","Matt Stajan",2500,"Cgy@Min 07:00PM ET",1.196,"Cgy"
"D","Braydon Coburn",2500,"TB@Mon 07:00PM ET",1.383,"TB"
"RW","Steve Bernier",2500,"Buf@NYI 07:30PM ET",0.789,"NYI"
"C","Mike Richards",2500,"Was@StL 08:00PM ET",1.037,"Was"
"D","Matthew Carle",2500,"TB@Mon 07:00PM ET",1.219,"TB"
"LW","Chris Thorburn",2500,"Wpg@LA 10:00PM ET",1.000,"Wpg"
"LW","Max Talbot",2500,"Ott@Bos 12:30PM ET",1.000,"Bos"
"LW","Ryane Clowe",2500,"Tor@NJ 07:00PM ET",0,"NJ"
"D","Ladislav Smid",2500,"Cgy@Min 07:00PM ET",0.710,"Cgy"
"RW","Kyle Chipchura",2500,"Ari@SJ 10:30PM ET",0.788,"Ari"
"LW","Lauri Korpikoski",2500,"Edm@Van 10:00PM ET",1.719,"Edm"
"C","John Mitchell",2500,"Anh@Col 05:30PM ET",1.780,"Col"
"LW","David Clarkson",2500,"Chi@Cls 07:00PM ET",1.000,"Cls"
"LW","Brandon Prust",2500,"Edm@Van 10:00PM ET",0.865,"Van"
"D","Nicklas Grossmann",2500,"Ari@SJ 10:30PM ET",1.221,"Ari"
"C","Jack Skille",2500,"Anh@Col 05:30PM ET",1.336,"Col"
"D","Clayton Stoner",2500,"Anh@Col 05:30PM ET",1.056,"Anh"
"LW","Bryan Bickell",2500,"Chi@Cls 07:00PM ET",0.672,"Chi"
"RW","Daniel Winnik",2500,"Was@StL 08:00PM ET",1.513,"Was"
"LW","Drew Miller",2500,"Det@NYR 12:30PM ET",1.167,"Det"
"LW","Mike Blunden",2500,"TB@Mon 07:00PM ET",1.000,"TB"
"D","Jonathan Ericsson",2500,"Det@NYR 12:30PM ET",1.250,"Det"
"RW","Cody Bass",2500,"Nsh@Dal 08:00PM ET",0.474,"Nsh"
"LW","Jiri Tlusty",2500,"Tor@NJ 07:00PM ET",1.109,"NJ"
"C","Trevor Lewis",2500,"Wpg@LA 10:00PM ET",1.851,"LA"
"RW","Mike Brown",2500,"TB@Mon 07:00PM ET",0.781,"Mon"
"D","Kyle Cumiskey",2500,"Chi@Cls 07:00PM ET",0,"Chi"
"RW","Cody McLeod",2500,"Anh@Col 05:30PM ET",1.031,"Col"
"RW","John Scott",2500,"TB@Mon 07:00PM ET",0.750,"Mon"
"LW","Tom Sestito",2500,"Pit@Phi 03:00PM ET",0.833,"Pit"
"RW","Jared Boll",2500,"Chi@Cls 07:00PM ET",0.542,"Cls"
"RW","David Jones",2500,"Cgy@Min 07:00PM ET",1.375,"Min"
"RW","Ryan Reaves",2500,"Was@StL 08:00PM ET",0.442,"StL"
"RW","Cal Clutterbuck",2500,"Buf@NYI 07:30PM ET",1.554,"NYI"
"LW","Mike Santorelli",2500,"Anh@Col 05:30PM ET",1.310,"Anh"
"LW","Matt Hendricks",2500,"Edm@Van 10:00PM ET",1.363,"Edm"
"LW","Tanner Glass",2500,"Det@NYR 12:30PM ET",0.850,"NYR"
"LW","Chris Porter",2500,"Cgy@Min 07:00PM ET",0.672,"Min"
"D","Andrew Bodnarchuk",2500,"Anh@Col 05:30PM ET",0.605,"Col"
"LW","Jesse Winchester",2500,"Anh@Col 05:30PM ET",0,"Col"
"RW","Kevin Porter",2500,"Pit@Phi 03:00PM ET",0.826,"Pit"
"LW","Nathan Gerbe",2500,"Car@Fla 07:00PM ET",1.188,"Car"
"LW","Micheal Haley",2500,"Ari@SJ 10:30PM ET",0.476,"SJ"
"RW","Stephen Gionta",2500,"Tor@NJ 07:00PM ET",0.877,"NJ"
"RW","Viktor Tikhonov",2500,"Ari@SJ 10:30PM ET",0.742,"Ari"
"D","Taylor Chorney",2500,"Was@StL 08:00PM ET",0.932,"Was"
"C","Nick Spaling",2500,"Ari@SJ 10:30PM ET",1.292,"SJ"
"LW","Dwight King",2500,"Wpg@LA 10:00PM ET",1.293,"LA"
"D","Andrew Campbell",2500,"Tor@NJ 07:00PM ET",1.100,"Tor"
"D","Alex Grant",2500,"Ari@SJ 10:30PM ET",0.600,"Ari"
"RW","Anthony Peluso",2500,"Wpg@LA 10:00PM ET",0.368,"Wpg"
"D","Jamie McBain",2500,"Wpg@LA 10:00PM ET",1.058,"LA"
"LW","Luke Gazdic",2500,"Edm@Van 10:00PM ET",0.359,"Edm"
"LW","Joe Vitale",2500,"Ari@SJ 10:30PM ET",0.250,"Ari"
"D","T.J. Brennan",2500,"Tor@NJ 07:00PM ET",1.583,"Tor"
"D","Matt Taormina",2500,"TB@Mon 07:00PM ET",0.300,"TB"
"D","Victor Bartley",2500,"TB@Mon 07:00PM ET",0.658,"Mon"
"D","Carl Gunnarsson",2500,"Was@StL 08:00PM ET",1.438,"StL"
"LW","Magnus Paajarvi",2500,"Was@StL 08:00PM ET",1.469,"StL"
"C","Jacob Josefson",2500,"Tor@NJ 07:00PM ET",1.593,"NJ"
"RW","Jordan Caron",2500,"Was@StL 08:00PM ET",0.083,"StL"
"LW","Matt Martin",2500,"Buf@NYI 07:30PM ET",1.238,"NYI"
"LW","Kyle Clifford",2500,"Wpg@LA 10:00PM ET",1.053,"LA"
"D","Nate Prosser",2500,"Cgy@Min 07:00PM ET",0.849,"Min"
"D","Eric Gryba",2500,"Edm@Van 10:00PM ET",1.446,"Edm"
"D","Patrick Wiercioch",2500,"Ott@Bos 12:30PM ET",1.119,"Ott"
"LW","Brandon Bollig",2500,"Cgy@Min 07:00PM ET",0.738,"Cgy"
"LW","Chris VandeVelde",2500,"Pit@Phi 03:00PM ET",1.279,"Phi"
"LW","Michael Latta",2500,"Was@StL 08:00PM ET",0.689,"Was"
"D","Michal Jordan",2500,"Car@Fla 07:00PM ET",0.852,"Car"
"D","Matt Bartkowski",2500,"Edm@Van 10:00PM ET",1.272,"Van"
"D","Cody Goloubef",2500,"Chi@Cls 07:00PM ET",1.386,"Cls"
"LW","Andrew Agozzino",2500,"Anh@Col 05:30PM ET",0.625,"Col"
"D","Alex Biega",2500,"Edm@Van 10:00PM ET",1.157,"Van"
"D","Korbinian Holzer",2500,"Anh@Col 05:30PM ET",0.763,"Anh"
"LW","Landon Ferraro",2500,"Ott@Bos 12:30PM ET",1.132,"Bos"
"LW","Eric Selleck",2500,"Ari@SJ 10:30PM ET",0.125,"Ari"
"D","Nikita Nikitin",2500,"Edm@Van 10:00PM ET",0.694,"Edm"
"RW","Jordan Nolan",2500,"Wpg@LA 10:00PM ET",0.740,"LA"
"D","Dylan McIlrath",2500,"Det@NYR 12:30PM ET",0.813,"NYR"
"RW","Austin Watson",2500,"Nsh@Dal 08:00PM ET",1.052,"Nsh"
"D","Jarred Tinordi",2500,"Ari@SJ 10:30PM ET",0.219,"Ari"
"D","Mark Pysyk",2500,"Buf@NYI 07:30PM ET",1.179,"Buf"
"LW","Quinton Howden",2500,"Car@Fla 07:00PM ET",0.800,"Fla"
"RW","Tyler Pitlick",2500,"Edm@Van 10:00PM ET",0,"Edm"
"C","Jordan Weal",2500,"Pit@Phi 03:00PM ET",0.083,"Phi"
"LW","Stanislav Galiev",2500,"Was@StL 08:00PM ET",0.608,"Was"
"D","Julian Melchiori",2500,"Wpg@LA 10:00PM ET",0.864,"Wpg"
"LW","Craig Cunningham",2500,"Ari@SJ 10:30PM ET",0.808,"Ari"
"D","Petter Granberg",2500,"Nsh@Dal 08:00PM ET",0.568,"Nsh"
"D","Morgan Ellis",2500,"TB@Mon 07:00PM ET",0.833,"Mon"
"RW","Chris Wagner",2500,"Anh@Col 05:30PM ET",1.178,"Anh"
"LW","Sam Carrick",2500,"Tor@NJ 07:00PM ET",0.500,"Tor"
"D","Kevin Gravel",2500,"Wpg@LA 10:00PM ET",0.600,"LA"
"D","Brenden Dillon",2500,"Ari@SJ 10:30PM ET",1.474,"SJ"
"RW","Derek Grant",2500,"Cgy@Min 07:00PM ET",1.233,"Cgy"
"C","Ryan Bourque",2500,"Was@StL 08:00PM ET",0,"Was"
"C","Ben Street",2500,"Anh@Col 05:30PM ET",0.667,"Col"
"RW","Brad Malone",2500,"Car@Fla 07:00PM ET",0.597,"Car"
"LW","Ryan Garbutt",2500,"Anh@Col 05:30PM ET",1.358,"Anh"
"RW","Justin Fontaine",2500,"Cgy@Min 07:00PM ET",1.214,"Min"
"C","Anton Lander",2500,"Edm@Van 10:00PM ET",0.630,"Edm"
"RW","Linden Vey",2500,"Edm@Van 10:00PM ET",1.398,"Van"
"C","Byron Froese",2500,"Tor@NJ 07:00PM ET",0.828,"Tor"
"LW","Nicolas Deslauriers",2500,"Buf@NYI 07:30PM ET",1.109,"Buf"
"LW","Garrett Wilson",2500,"Car@Fla 07:00PM ET",0.419,"Fla"
"D","Jamie Oleksiak",2500,"Nsh@Dal 08:00PM ET",0.735,"Dal"
"RW","Stefan Noesen",2500,"Anh@Col 05:30PM ET",0.000,"Anh"
"LW","Matt Puempel",2500,"Ott@Bos 12:30PM ET",0.768,"Ott"
"D","Stuart Percy",2500,"Tor@NJ 07:00PM ET",0.667,"Tor"
"C","Rocco Grimaldi",2500,"Car@Fla 07:00PM ET",1.225,"Fla"
"D","Scott Mayfield",2500,"Buf@NYI 07:30PM ET",0.583,"NYI"
"RW","Tomas Jurco",2500,"Det@NYR 12:30PM ET",0.731,"Det"
"LW","Alex Khokhlachev",2500,"Ott@Bos 12:30PM ET",0.500,"Bos"
"RW","Dmitrij Jaskin",2500,"Was@StL 08:00PM ET",1.220,"StL"
"RW","Brett Ritchie",2500,"Nsh@Dal 08:00PM ET",1.100,"Dal"
"C","Markus Granlund",2500,"Edm@Van 10:00PM ET",1.320,"Van"
"C","William Karlsson",2500,"Chi@Cls 07:00PM ET",1.538,"Cls"
"LW","Lucas Lessio",2500,"TB@Mon 07:00PM ET",0.853,"Mon"
"LW","Shane Prince",2500,"Buf@NYI 07:30PM ET",1.371,"NYI"
"LW","Andrey Pedan",2500,"Edm@Van 10:00PM ET",0.413,"Van"
"C","Adam Lowry",2500,"Wpg@LA 10:00PM ET",1.363,"Wpg"
"C","Nick Cousins",2500,"Pit@Phi 03:00PM ET",1.483,"Phi"
"RW","Logan Shaw",2500,"Car@Fla 07:00PM ET",1.204,"Fla"
"C","Daniel Catenacci",2500,"Buf@NYI 07:30PM ET",0.409,"Buf"
"D","Klas Dahlbeck",2500,"Ari@SJ 10:30PM ET",1.173,"Ari"
"C","Nick Shore",2500,"Wpg@LA 10:00PM ET",1.093,"LA"
"C","Kyle Rau",2500,"Car@Fla 07:00PM ET",0.900,"Fla"
"D","Brenden Kichton",2500,"Wpg@LA 10:00PM ET",0.000,"Wpg"
"LW","Blake Pietila",2500,"Tor@NJ 07:00PM ET",1.438,"NJ"
"D","Frank Corrado",2500,"Tor@NJ 07:00PM ET",0.955,"Tor"
"D","Dylan DeMelo",2500,"Ari@SJ 10:30PM ET",1.000,"SJ"
"RW","Ryan Dzingel",2500,"Ott@Bos 12:30PM ET",1.034,"Ott"
"D","Brandon Manning",2500,"Pit@Phi 03:00PM ET",1.146,"Phi"
"LW","Cole Schneider",2500,"Buf@NYI 07:30PM ET",0,"Buf"
"C","Drew Shore",2500,"Cgy@Min 07:00PM ET",1.000,"Cgy"
"C","Chris Brown",2500,"Det@NYR 12:30PM ET",0.071,"NYR"
"D","Matt Tennyson",2500,"Ari@SJ 10:30PM ET",0.720,"SJ"
"RW","Alex Chiasson",2500,"Ott@Bos 12:30PM ET",1.196,"Ott"
"C","Jeremy Welsh",2500,"Was@StL 08:00PM ET",0.000,"StL"
"LW","Bobby Farnham",2500,"Tor@NJ 07:00PM ET",1.078,"NJ"
"D","Griffin Reinhart",2500,"Edm@Van 10:00PM ET",1.097,"Edm"
"D","Slater Koekkoek",2500,"TB@Mon 07:00PM ET",1.000,"TB"
"LW","Scott Laughton",2500,"Pit@Phi 03:00PM ET",1.375,"Phi"
"D","Michael Matheson",2500,"Car@Fla 07:00PM ET",0.500,"Fla"
"C","Brendan Gaunce",2500,"Edm@Van 10:00PM ET",1.050,"Van"
"D","Brady Skjei",2500,"Det@NYR 12:30PM ET",1.250,"NYR"
"RW","Stefan Matteau",2500,"TB@Mon 07:00PM ET",0.415,"Mon"
"LW","Brock McGinn",2500,"Car@Fla 07:00PM ET",1.205,"Car"
"RW","Colton Sissons",2500,"Nsh@Dal 08:00PM ET",1.118,"Nsh"
"C","Chris Tierney",2500,"Ari@SJ 10:30PM ET",1.443,"SJ"
"C","Devin Shore",2500,"Nsh@Dal 08:00PM ET",0.125,"Dal"
"LW","Jujhar Khaira",2500,"Edm@Van 10:00PM ET",0.700,"Edm"
"C","Oskar Sundqvist",2500,"Pit@Phi 03:00PM ET",0.974,"Pit"
"RW","Josh Anderson",2500,"Chi@Cls 07:00PM ET",1.273,"Cls"
"D","Petteri Lindbohm",2500,"Was@StL 08:00PM ET",0.909,"StL"
"LW","Buddy Robinson",2500,"Ott@Bos 12:30PM ET",2.250,"Ott"
"LW","Curtis McKenzie",2500,"Nsh@Dal 08:00PM ET",0.667,"Dal"
"D","Ryan Pulock",2500,"Buf@NYI 07:30PM ET",1.094,"NYI"
"D","Nikita Zadorov",2500,"Anh@Col 05:30PM ET",0.909,"Col"
"C","Curtis Lazar",2500,"Ott@Bos 12:30PM ET",1.480,"Ott"
"LW","Kerby Rychel",2500,"Chi@Cls 07:00PM ET",1.266,"Cls"
"C","Frederik Gauthier",2500,"Tor@NJ 07:00PM ET",1.250,"Tor"
"RW","Michael McCarron",2500,"TB@Mon 07:00PM ET",1.475,"Mon"
"C","Jason Dickinson",2500,"Nsh@Dal 08:00PM ET",4.500,"Dal"
"D","Chris Bigras",2500,"Anh@Col 05:30PM ET",0.788,"Col"
"LW","Jacob De La Rose",2500,"TB@Mon 07:00PM ET",0.860,"Mon"
"C","Laurent Dauphin",2500,"Ari@SJ 10:30PM ET",1.357,"Ari"
"D","Gustav Olofsson",2500,"Cgy@Min 07:00PM ET",0.167,"Min"
"RW","J.C. Lipon",2500,"Wpg@LA 10:00PM ET",0.278,"Wpg"
"C","Nick Paul",2500,"Ott@Bos 12:30PM ET",1.058,"Ott"
"C","Andrew Copp",2500,"Wpg@LA 10:00PM ET",0.827,"Wpg"
"D","Ben Harpur",2500,"Ott@Bos 12:30PM ET",1.250,"Ott"
"C","Tyler Gaudet",2500,"Ari@SJ 10:30PM ET",0.857,"Ari"
"D","Evgeny Medvedev",2500,"Pit@Phi 03:00PM ET",1.375,"Phi"
"D","Christian Folin",2500,"Cgy@Min 07:00PM ET",0.982,"Min"
"C","Nic Dowd",2500,"Wpg@LA 10:00PM ET",0.300,"LA"
"LW","Conor Sheary",2500,"Pit@Phi 03:00PM ET",1.279,"Pit"
"C","Dennis Rasmussen",2500,"Chi@Cls 07:00PM ET",1.042,"Chi"
"LW","Nick Ritchie",2500,"Anh@Col 05:30PM ET",1.076,"Anh"
"RW","Kasperi Kapanen",2500,"Tor@NJ 07:00PM ET",0.833,"Tor"
"D","Brett Lernout",2500,"TB@Mon 07:00PM ET",0.000,"Mon"
"RW","Evan Rodrigues",2500,"Buf@NYI 07:30PM ET",0,"Buf"
"LW","Andreas Martinsen",2500,"Anh@Col 05:30PM ET",1.170,"Col"
"C","Sergey Kalinin",2500,"Tor@NJ 07:00PM ET",1.101,"NJ"
"D","Dean Kukan",2500,"Chi@Cls 07:00PM ET",0.833,"Cls"
"C","Noel Acciari",2500,"Ott@Bos 12:30PM ET",0.722,"Bos"
"C","Derek Ryan",2500,"Car@Fla 07:00PM ET",1.417,"Car"
"D","Vojtech Mozik",2500,"Tor@NJ 07:00PM ET",0.688,"NJ"
"LW","Paul Bittner",2500,"Chi@Cls 07:00PM ET",0,"Cls"
"RW","Sergei Plotnikov",2500,"Ari@SJ 10:30PM ET",0.500,"Ari"
"D","Ryan Johnston",2500,"TB@Mon 07:00PM ET",0.250,"Mon"
